<enableCamera>
    <val_0>1.000000</val_0>
</enableCamera>
<cameraSettings>
    <val_0>0.000000</val_0>
</cameraSettings>
<fullscreen>
    <val_0>1.000000</val_0>
</fullscreen>
<frameByFrame>
    <val_0>0.000000</val_0>
</frameByFrame>
<patternType>
    <val_0>0.000000</val_0>
</patternType>
<orientation>
    <val_0>1.000000</val_0>
</orientation>
<reverse>
    <val_0>1.000000</val_0>
</reverse>
<patternRate>
    <val_0>1.000000</val_0>
</patternRate>
<cameraRate>
    <val_0>1.000000</val_0>
</cameraRate>
<cameraOffset>
    <val_0>0.083333</val_0>
</cameraOffset>
<minBrightness>
    <val_0>0.000000</val_0>
</minBrightness>
<projectorLut>
    <val_0>1.000000</val_0>
</projectorLut>
<wavelength>
    <val_0>64.000000</val_0>
</wavelength>
<subdivisions>
    <val_0>10.000000</val_0>
</subdivisions>
<enableCameraQt>
    <val_0>0.000000</val_0>
</enableCameraQt>
<enableCameraDc>
    <val_0>0.000000</val_0>
</enableCameraDc>
<camMode>
    <val_0>2.000000</val_0>
</camMode>
<CAPTURE_TIME_F>
    <val_0>3.911111</val_0>
</CAPTURE_TIME_F>
<B_FACE_TRIGGER>
    <val_0>1.000000</val_0>
</B_FACE_TRIGGER>
<FACE_FPS>
    <val_0>3.000000</val_0>
</FACE_FPS>
<FACE_DETECT_TIME>
    <val_0>1.695000</val_0>
</FACE_DETECT_TIME>
<FACE_FORGET_TIME>
    <val_0>1.365000</val_0>
</FACE_FORGET_TIME>
<confidence_add>
    <val_0>0.100000</val_0>
</confidence_add>
<confidence_fade>
    <val_0>0.889917</val_0>
</confidence_fade>
<confidence_gate_start>
    <val_0>0.650000</val_0>
</confidence_gate_start>
<confidence_gate_stop>
    <val_0>0.400000</val_0>
</confidence_gate_stop>
<maxBrightness>
    <val_0>90.666672</val_0>
</maxBrightness>
<largeVideo>
    <val_0>0.000000</val_0>
</largeVideo>
<postCapture>
    <val_0>0.000000</val_0>
</postCapture>
<rsyncThreaded>
    <val_0>1.000000</val_0>
</rsyncThreaded>
<decodeSkipFrame>
    <val_0>2.388889</val_0>
</decodeSkipFrame>
<fadeInTime>
    <val_0>2.000000</val_0>
</fadeInTime>
<bSpotLight>
    <val_0>1.000000</val_0>
</bSpotLight>
<spotLightBrightness>
    <val_0>0.377778</val_0>
</spotLightBrightness>
<brightnessSetting>
    <val_0>0.000000</val_0>
</brightnessSetting>
<checkBrightness>
    <val_0>130.333344</val_0>
</checkBrightness>
<use_osc>
    <val_0>1.000000</val_0>
</use_osc>
<bReverseModel>
    <val_0>0.000000</val_0>
</bReverseModel>
<bOverideLight>
    <val_0>0.000000</val_0>
</bOverideLight>
