<cameraRate>
    <val_0>1.111111</val_0>
</cameraRate>
<cameraOffset>
    <val_0>0.000000</val_0>
</cameraOffset>
<playRate>
    <val_0>1.000000</val_0>
</playRate>
<stopMotion>
    <val_0>0.000000</val_0>
</stopMotion>
<playSequence>
    <val_0>0.000000</val_0>
</playSequence>
<jumpTo>
    <<<<<<< HEAD
    <val_0>48.598133
    <val_0>83.647797</val_0>
</jumpTo>
<phasePersistence>
    <val_0>1.000000</val_0>
</phasePersistence>
<resetView>
    <val_0>0.000000</val_0>
</resetView>
<useCameraLut>
    <val_0>1.000000</val_0>
</useCameraLut>
<style>
    <val_0>1.000000</val_0>
</style>
<rangeThreshold>
    <val_0>12.750000</val_0>
</rangeThreshold>
<depthScale>
    <val_0>-426.666656</val_0>
</depthScale>
<depthSkew>
    <val_0>4.000000</val_0>
</depthSkew>
<filterMin>
    <val_0>-320.000000</val_0>
</filterMin>
<filterMax>
    <val_0>320.000000</val_0>
</filterMax>
<exportFormat>
    <val_0>0.000000</val_0>
</exportFormat>
<export>
    <val_0>0.000000</val_0>
</export>
<record>
    <val_0>0.000000</val_0>
</record>
<renderMovie>
    <val_0>0.000000</val_0>
</renderMovie>
<movieFramerate>
    <val_0>60.000000</val_0>
</movieFramerate>
<orientation>
    <val_0>0.000000</val_0>
</orientation>
<gamma>
    <val_0>1.000000</val_0>
</gamma>
<hud>
    <val_0>0.000000</val_0>
</hud>
<hudWidth>
    <val_0>300.000000</val_0>
</hudWidth>
<hudHeightOffset>
    <val_0>0.000000</val_0>
</hudHeightOffset>
<maxPhase>
    <val_0>10.000000</val_0>
</maxPhase>
<maxDepth>
    <val_0>3.000000</val_0>
</maxDepth>
<smooth_y_dist>
    <val_0>1.000000</val_0>
</smooth_y_dist>
<smooth_y_amnt>
    <val_0>0.000000</val_0>
</smooth_y_amnt>
<smooth_gaussian>
    <val_0>1.000000</val_0>
</smooth_gaussian>
<dilate_passes>
    <val_0>2.300000</val_0>
</dilate_passes>
<max_hole_size>
    <val_0>16.533333</val_0>
</max_hole_size>
