<toggle_mode>
    <val_0>0.000000</val_0>
</toggle_mode>
<particle_speed>
    <val_0>24.666666</val_0>
</particle_speed>
<particle_spread>
    <val_0>100.000000</val_0>
</particle_spread>
<particle_viscosity>
    <val_0>0.166667</val_0>
</particle_viscosity>
<particle_independence>
    <val_0>0.177778</val_0>
</particle_independence>
<particle_neighborhood>
    <val_0>1292.777710</val_0>
</particle_neighborhood>
<particle_targetForce>
    <val_0>1.000000</val_0>
</particle_targetForce>
<focus_offset>
    <val_0>0.000000</val_0>
</focus_offset>
<point_brightness>
    <val_0>10.000000</val_0>
</point_brightness>
<aberration>
    <val_0>0.021250</val_0>
</aberration>
<aperture>
    <val_0>0.025322</val_0>
</aperture>
<sphere_alpha>
    <val_0>0.661111</val_0>
</sphere_alpha>
<noise_scale_input>
    <val_0>0.566667</val_0>
</noise_scale_input>
<noise_scale_output>
    <val_0>0.500000</val_0>
</noise_scale_output>
<bConvertToPng>
    <val_0>1.000000</val_0>
</bConvertToPng>
<bAutoChange>
    <val_0>0.000000</val_0>
</bAutoChange>
<changeTime>
    <val_0>28.222223</val_0>
</changeTime>
<do_trails>
    <val_0>1.000000</val_0>
</do_trails>
<fboScale>
    <val_0>0.039811</val_0>
</fboScale>
<sphere_red>
    <val_0>0.000000</val_0>
</sphere_red>
<sphere_green>
    <val_0>0.350000</val_0>
</sphere_green>
<sphere_blue>
    <val_0>0.466667</val_0>
</sphere_blue>
<rotationMomentum>
    <val_0>0.900000</val_0>
</rotationMomentum>
<positionMomentum>
    <val_0>0.990000</val_0>
</positionMomentum>
<zoomMomentum>
    <val_0>0.990000</val_0>
</zoomMomentum>
<fov>
    <val_0>60.000000</val_0>
</fov>
<minZoom>
    <val_0>400.000000</val_0>
</minZoom>
<maxZoom>
    <val_0>10000.000000</val_0>
</maxZoom>
<resetDelay>
    <val_0>4.000000</val_0>
</resetDelay>
<resetLength>
    <val_0>2.000000</val_0>
</resetLength>
<rotationSpeed>
    <val_0>0.000500</val_0>
</rotationSpeed>
<zoomSpeed>
    <val_0>1.000000</val_0>
</zoomSpeed>
<zoomScaleFactor>
    <val_0>0.005222</val_0>
</zoomScaleFactor>
<bDrawParticles>
    <val_0>1.000000</val_0>
</bDrawParticles>
<bFreezeParticles>
    <val_0>0.000000</val_0>
</bFreezeParticles>
<maxPointSize>
    <val_0>21.333334</val_0>
</maxPointSize>
<smartFocalPlane>
    <val_0>1.000000</val_0>
</smartFocalPlane>
<slowMomentum>
    <val_0>0.300000</val_0>
</slowMomentum>
<randomOffset>
    <val_0>0.000000</val_0>
</randomOffset>
<maxBrightness>
    <val_0>93.000000</val_0>
</maxBrightness>
<rgbBrightness>
    <val_0>2.741935</val_0>
</rgbBrightness>
<drawWhite>
    <val_0>0.000000</val_0>
</drawWhite>
